,company_name,job_count,company_description,link
0,Clevertech,Jobs Posted: 514," Enterprise companies turn to us to help them launch innovative digital products that interact with hundreds of millions of customers, transactions and data points. The problems we solve everyday are real and require creativity, grit and determination. We are building a culture that challenges norms while fostering experimentation and personal growth. We are hiring team members who are passionate and energized by the vision of empowering our customers in a complex industry through technology, data and a deep understanding of client concerns. In order to grasp the scale of problems we face, ideally you have some exposure to Logistics, FinTech, Transportation, Insurance, Media or other complex multifactor industries. ",https://weworkremotely.com/company/clevertech
1,Hotjar,Jobs Posted: 232," Hotjar wants to make the web a better place. We believe many digital experiences—whether on desktop or mobile—quite frankly suck, and we're working to change that. We help by building product experience insights software for product teams. We’re focused on helping our customers really understand what their end-users are doing on their websites—to help them find those parts of their sites that are hard to navigate, just plain broken, confusing, or simply not enjoyable. In short, we show what end-users feel strongly about, so that product teams can deliver real value, fast.Hotjar has a team of over 200 Hotjarians spread across 33 countries—we're a fully distributed company and always have been. What better way to make sure that digital experiences improve than to be online ourselves, all day, every day? ",https://weworkremotely.com/company/hotjar
2,TaxJar,Jobs Posted: 216," We know sales tax isn't fun for anyone, so we're determined to ease the burden with an exceptional customer experience. To do that, we have to start internally. At TaxJar, we aim to provide the same incredible quality of life for our team members as we do for our customers by creating a professional, unique, and extraordinary place to work.We’re fast-growing, fully-distributed, talented, driven, and love what we do. We live all across the US, working from our homes, co-working spaces, coffee shops — even a boat! We have many different backgrounds and lifestyles, and everything we do is guided by our core values. We recruit from a varied pool of candidates, as we believe that a diverse team can create better solutions for our customers. ",https://weworkremotely.com/company/taxjar
3,Toptal LLC,Jobs Posted: 173," Toptal is a network of the world’s top 3% of software engineering, design, and finance talent – available on demand to help companies accelerate, adapt, and scale. With $100+ million in annual revenue and triple-digit growth, Toptal is the largest fully distributed workforce in the world.We take the best elements of virtual teams and combine them with a support structure that encourages innovation, social interaction, and fun [see this video from The Huffington Post]. We see no borders, move at a fast pace, and are never afraid to break the mold.If you’re not in the job market, you’re exactly the type of person we’re looking for. ",https://weworkremotely.com/company/toptal-llc
4,Aha!,Jobs Posted: 159," Aha! is the world's #1 roadmap software. We help more than 5,000 companies build lovable products and be happy doing it. Our company is self-funded, profitable, and has been entirely remote since we started in 2013. ",https://weworkremotely.com/company/aha
5,ReCharge Payments,Jobs Posted: 156," Since 2014, ReCharge has helped over 15,000 merchants launch and scale their subscription business. Be it a curated monthly box, recurring necessities or access to exclusive perks, ReCharge powers billions of dollars in annual processing for nearly 30 million consumers. Our remote-first team of 250+ is building the future of subscription commerce. Come join us on our mission to connect and empower the world through payments. ",https://weworkremotely.com/company/recharge-payments
6,X-Team,Jobs Posted: 142," X-Team is a 100% remote international company, originally founded in Melbourne, Australia. We help companies scale their development teams by providing them with extraordinary teams of developers from around the world.  We believe in living a life of freedom that allows you to spend more time getting energized by your passions. We've fostered a unique, active lifestyle and culture around this idea that continues to attract thousands of developers to apply every day. Our community is the most energizing community for developers in the world.  What separates us from our competition is the level of attention and care we give our developers compared to other more ""talent""-based solutions. We proactively support them, fund their learning and growth, connect them in roaming hacker houses around the world, and give them a remote environment that motivates and inspires them on a daily basis. While other companies simply place and drop their talent, we foster and cater to our unified teams of developers centered around the same beliefs, values and lifestyle.  We're uniquely situated to help shape how companies grow their businesses in the digital age and aid them in being able to do so properly with the right people. We work with big, innovative brands like Riot Games, Fox Broadcasting, Kaplan Inc., Coinbase, Google, Twitter, Beachbody and more…  Who is X-Team meant for?Any freelance developers with experience working on high-scale, remote teams and projects with a motivated, proactive attitude and compassionate, team-player heart. If you've worked with freelancing platforms before, that's not what we are. X-Team is a community of all likeminded people, carefully chosen to ensure we are able to create an environment of the most motivated people in the world who come together to unleash their potential. What we've created is truly special and not a faceless platform. X-Team is where developers go to feel truly at home together, while becoming more motivated and energized than they've ever been. ",https://weworkremotely.com/company/x-team
7,Shogun,Jobs Posted: 134," Shogun is on a mission to empower brands to create exceptional ecommerce experiences, and in the process, build the world's best remote company.Since being in the Winter 2018 batch of Y-Combinator, we've seen tremendous growth while intentionally creating a culture where people from all backgrounds belong. Our company and products are informed by diverse perspectives from the best talent around the world. We are fully remote, have no offices, and are looking for team members who are excited to work remotely.We closed our Series A and B in 2020, and after raising a $67.5M Series C in 2021, we are scaling faster than ever. Some of our investors include Insight Partners, Initialized Capital, Accel, VMG Partners, and Y Combinator. Join us to grow your career with our rapidly growing company! ",https://weworkremotely.com/company/shogun
8,Modern Tribe,Jobs Posted: 124," Modern Tribe is a digital agency that designs and engineers each touchpoint across your ecosystem, from websites and applications to plugins and publishing platforms.We use systems thinking to land on the tools or processes that produce the right deliverables. We run design sprints to help us get beyond the obvious or ideate when the path forward isn’t clear. And we lean on modular systems and technologies, like microservices, headless CMSs, and open-source software, to create flexible solutions that help people and platforms do even more. Built to operate beyond the walls of a traditional studio, we’re a fully remote agency that attracts talent from all over the globe. Our collaborative approach positions us as an extension of your team and provides visibility into every aspect of your project. You’ll have a true partner to navigate your most ambitious undertakings and help you create a sustainable digital ecosystem for the future. ",https://weworkremotely.com/company/modern-tribe
9,Close,Jobs Posted: 111," We are a small team doing great things - every role is critical to the success of this company. People that are most successful at Close have a resourceful, “doer” approach and mentality. We focus on productivity, impact and quality of work. We’re looking for team members that genuinely understand the nature of being part of a small team that operates in a bootstrapped / start-up-like environment. At Close, everyone has a voice. We encourage transparency and practicing a mature approach to the work-place. In general, we don’t have strict policies, we have guidelines. Life-work harmony is an important part of our organization - we believe you bring your best to work when you practice self-care (whatever that looks like for you).  We come from 12 countries and 16 states; a collection of talented humans rich in diverse backgrounds, lifestyles, and cultures. Twice a year we meet up somewhere around the world to spend time with one another (however we’re opting for quarterly virtual summits during 2020/2021). We see these retreats as an opportunity to strengthen the social fiber of our community. This team is growing in more ways than one - we’ve recently launched 14 babies (and counting!). Unanimously, our favorite and most impactful value is “Build a house you want to live in.” We strive to make decisions that are authentic for our organization. At Close, we have a high care factor for one another, in making an awesome product and championing the success of our customers. ",https://weworkremotely.com/company/close
10,Automattic,Jobs Posted: 106," About AutomatticWe are the people behind WordPress.com, WooCommerce, Tumblr, Simplenote, Jetpack, Longreads, Day One, PocketCasts, and more. We believe in making the web a better place.We’re a distributed company with more than 1800 Automatticians in [automattic-country-count] countries speaking 90+ different languages. We democratize publishing and commerce so anyone with a story can tell it, and anyone with a product can sell it, regardless of income, gender, politics, language, or country.We believe in Open Source and the vast majority of our work is available under the GPL.Diversity, Equity, and Inclusion at AutomatticWe’re improving diversity, equity, and inclusion in the tech industry. At Automattic, we want people to love their work and show respect and empathy to all. We welcome differences and strive to increase participation from traditionally underrepresented groups. Our DEI committee involves Automatticians across the company and drives grassroots change. For example, this group has helped facilitate private online spaces for affiliated Automatticians to gather and helps run a monthly DEI People Lab series for further learning. Diversity, Equity and Inclusion is a priority at Automattic, though our dedication influences far more than just Automatticians: We make our products freely available and translate our products into and offer customer support in numerous languages. We require unconscious bias training for our hiring teams and ensure our products are accessible across different bandwidths and devices. Learn more about our dedication to diversity, equity, and inclusion and our Employee Resource Groups. ",https://weworkremotely.com/company/automattic
11,Oddball,Jobs Posted: 105, Oddball believes that the best products are built when teams understand and value the things they are working on. We value learning and growth and the ability to make a big impact at a small company. We believe that we can make big changes happen and improve the daily lives of millions of people by bringing quality software to the federal space. ,https://weworkremotely.com/company/oddball
12,Toggl,Jobs Posted: 104," Toggl Track is an easy to use and flexible time tracking tool that helps 3+ million users see where their work time goes, so they can focus on the projects that really matter. It also works on all your devices, and integrates with over a 100 tools.Lovely to look at and easy-to-use, Toggl Plan gives teams a visual overview of who’s doing what, and what’s coming up next. That means less stress and better results.Toggl Hire's smart skills tests help you screen and hire the best candidates faster. Stop wasting hundreds of hours scanning resumes, and start screening for skills that really matter. ",https://weworkremotely.com/company/toggl
13,Doximity,Jobs Posted: 100," Doximity was founded in 2010 by the pioneers of mobile health apps to connect healthcare professionals and make them more productive. Product development is in our DNA, and software engineering is the lifeblood of our company.Joining Doximity means being part of an incredibly talented and humble team. We work on amazing products that over 80% of US physicians use to make their busy lives a little easier. Here at Doximity we absolutely love creating technology that has a real, meaningful impact on people’s lives. We think you will too. ",https://weworkremotely.com/company/doximity
14,Fleetio,Jobs Posted: 97," Proudly headquartered in Birmingham, AL, Fleetio launched in January 2012, and today thousands of people use our modern software platform to manage their vehicles, equipment, parts, drivers and more. Head to Fleetio.com/careers to learn more about our product and incredible company culture.  ",https://weworkremotely.com/company/fleetio
15,PhishMe,Jobs Posted: 95,,https://weworkremotely.com/company/phishme
16,Help Scout,Jobs Posted: 94," About UsHelp Scout is made by roughly 150 people in 80+ cities around the world, all with a passion for helping others. We come from diverse backgrounds and are united by an enthusiasm for great products and delightful customer experiences. Help Scout launched in 2011 and today we have more than 12,000 paying customers in 140+ countries.Why Help Scout?We're remote. It doesn’t matter if you’ve worked remotely before — we’ve been doing it for nearly a decade and are helping to write the playbook — we’re happy to show you the ropes. Most folks that get a taste of working in a ""remote first"" company have a hard time going back to the old way of doing things.We’re passionate about diversity and inclusion. The data is abundantly clear about diverse teams being more successful, and we're dedicated to setting the team up for success. Today our leadership team is 62% women, and that's just the start. Here's our DEI Dashboard where you can see all of our team demographic data and read about our commitment to this work.We're committed to SMBs for the long term. Help Scout is focused entirely on serving small and midsize businesses, typically up to 500 employees, because those companies view customer service differently. It's not a cost to be optimized, it's their most effective marketing tool and a key differentiator from the competition. We built Help Scout for companies that truly value being customer-centric (like us) and want a product that shares their values.We're leaving the world better than we found it. Did you know Help Scout is a certified B Corporation, with a mission to give away at least 1% of our product through Help Scout for Good? Our company exists not just to help ourselves, but to invest in our team, our customers, our community, and our environment. ",https://weworkremotely.com/company/help-scout
17,Contra,Jobs Posted: 94," Contra is a professional community for the independent digital workforce. Digital professionals use Contra to create stunning visual profiles, earn money commission-free, and build high-quality professional communities and referral networks. Contra was founded just over a year ago by a group of independents who were tired of existing professional networks that are blind to the needs of digital professionals and is rapidly paving the way for the future of work, or the ""passion economy"" (a term coined by one of our earliest investors). Our June product launch, the first Annual State of Independence report, was the #1 product of the day, #2 of the week on Product Hunt. We're also one of just a few companies partnering with TikTok to launch their TikTok Resumes Product.Learn more about ContraContra.com)Contra on TikTok (our target audience is Gen Z)Contra on TwitterContra in the PressBen on Twitter (our Co-Founder, CEO)Gajus on Twitter (our Co-Founder, CTO) ",https://weworkremotely.com/company/contra
18,Follow Up Boss,Jobs Posted: 94," Follow Up Boss is the leading CRM for fast-growing real estate teams. Our first line of code was written in 2011 after an interview with a real estate leader, who told us a story about how he couldn't even sit down to watch a movie with his kids because he had to stay on his phone, manually forwarding leads out to his agents. He became our very first customer. Eleven years later, we serve thousands of brokers, team leaders and solo agents just like him, helping solve the many challenges around the fast-paced, always-on, relentless business of real estate sales. We are currently a team of 90, all working 100% remotely since day one. Our company is self-funded, profitable and independent, which gives us the freedom to focus on the success of our customers and our team. ",https://weworkremotely.com/company/follow-up-boss
19,AgencyAnalytics,Jobs Posted: 90," AgencyAnalytics is a reporting platform that helps digital agencies automate their client reporting.We have been in business since 2010, are 100% employee-owned, and are growing fast.On top of being obsessed with building the best product possible and helping our customers succeed, we also pride ourselves on our company culture. From weekly happy hours, employee of the month awards, profit sharing, fitness allowances, and continued learning...we’re always looking for ways to take care of our team.For anyone looking to continue building their career in SaaS, this is an opportunity to join a team that is dedicated to building a company you’ll want to stay at for years to come.AgencyAnalytics is an equal opportunity employer. We are committed to providing an environment of mutual respect where equal opportunities are available to all applicants regardless of race, color, religion, sex, age, marital status, gender identity, and any other characteristic protected by applicable law. We celebrate diversity and are committed to an inclusive environment among our team. ",https://weworkremotely.com/company/agencyanalytics
20,DataStax,Jobs Posted: 90,,https://weworkremotely.com/company/datastax
21,Uscreen,Jobs Posted: 86," Uscreen is the world’s leading video monetization platform. We help thousands of creators, entrepreneurs, fitness trainers, coaches, entertainment companies, and various other experts launch their own video-on-demand streaming service and make money selling videos online.  Think of it as building your own “Netflix”. We are a lean startup but are fully independent, privately held, and profitable.We are a SaaS company with an agile, but structured environment. Uscreen is a remote-first company, with our team members distributed across the world. However, we do have rules and guidelines set in place to make sure everyone is delivering their best work and maintains an overlap with the rest of the key members of the team. ",https://weworkremotely.com/company/uscreen
22,Toptal,Jobs Posted: 75,"  Toptal is an exclusive network of the top freelance software developers, designers, finance experts, product managers, and project managers in the world. Top companies hire Toptal freelancers for their most important projects.Design your lifestyle as a top freelance developer, with the freedom to work however, wherever, on your terms.  ",https://weworkremotely.com/company/toptal
23,TestGorilla,Jobs Posted: 73," At TestGorilla, we envision a world where everyone has their dream job. To achieve this, employers and employees need to have the right information about each other. We started in 2020 by building a screening platform that enables employers to evaluate candidates in the skills that matter most for success in a role. Our product replaces subjective, incomplete, and often inflated CVs with objective, reliable, and fair test results measuring aptitude, practical job skills, motivation, and culture add.Improving and expanding this platform is currently our core focus, but it’s only the beginning of our journey to get everyone their dream job. Over time, we will launch more products that support this mission.We have procured $70m in Series A funding from the venture-capital firms Atomico and Balderton Capital, and our growth is on target to continue exponentially. Chances are you’re familiar with some of our biggest customers, like Sony, PepsiCo, H&M, Deloitte, Bain & Company, Oracle, Revolut, and the UK’s National Health Service.We work remotely, spread across the Americas, Europe, Asia, and Africa. ",https://weworkremotely.com/company/testgorilla
24,Kinsta,Jobs Posted: 72," Kinsta was founded in 2013 with a desire to change the status quo.  We started out as a team of four, and today, we’ve grown to 150 . We set out to create the best managed hosting platform in the world, and we’re constantly looking for ways to innovate and improve our services. Imagine a car enthusiast building their dream ride. That's us with managed hosting. We love what we do and are obsessed with fine-tuning our servers to deliver maximum speeds. Our customers range from international organizations to solo bloggers, but our promise to them is the same: unparalleled support, lightning-fast speeds, and vigilant security.  Our remote-first model allows us to hire the best talent from around the world, and we find power in the diverse perspectives and backgrounds that make up our team. We keep communication open and challenge each other to constantly raise the bar.  We know unconventional thinking leads to innovative breakthroughs, and are deeply committed to surpassing our goals. Micro-management isn’t our style. Hiring passionate self-starters is. If you’re excited to take on creative challenges and contribute to a global community, we’d love to have you join us. ",https://weworkremotely.com/company/kinsta
25,Hubstaff,Jobs Posted: 71," Hubstaff is a fast-growing startup in the time tracking and project management space that fully embraces remote work.We care about job security and provide a career path for years to come (we’ve run the company using positive cash flow from day one and are carefully growing the team and business). You can check out our real-time growth metrics here.At Hubstaff, we work smart, not hard. Team members are not expected to work more than 40 hrs/wk. Work/life balance is essential to us and our culture. We also have #adventure and #hobbies channels on Slack where we routinely share what we’re up to outside of work.Curious? You can find more about what it's like working at Hubstaff from the perspective of our team members here. You can read more about us on our website and learn more about our history and work philosophy on our blog. ",https://weworkremotely.com/company/hubstaff
26,Animalz,Jobs Posted: 68," Animalz is a content marketing agency that strives to create the best content on the web. Our focus is on written content that helps companies educate and inform their audiences (executives, managers, and other specialized professionals in their field) on strategies and tactics for being successful in their work.  ",https://weworkremotely.com/company/animalz
27,Nathan James,Jobs Posted: 67," People-first company, design-first home.We are a design-first, home furnishing company focusing on the habits of urban dwellers and first-time home buyers. We pride ourselves on the best in class customer happiness, providing the highest possible quality products that are affordable for the majority and assembly that isn't dreadful.Because we are a people-first company, we understood the importance of being fully distributed from the beginning. We strive to reduce friction at work while preserving the human experience. Taking this approach helps our teammates avoid compromising who they are or their values in pursuit of a career.   ",https://weworkremotely.com/company/nathan-james
28,OnTheGoSystems,Jobs Posted: 65," OnTheGoSystems is the author of WPML and Toolset plugins.WPML turns WordPress websites multilingual. It works with caching, SEO and E-Commerce plugins, and allows the building of complete multilingual sites. WPML powers simple blogs as well as corporate and enterprise sites.Toolset plugins allow you to develop WordPress sites without PHP. They work with any theme and with other plugins.OnTheGoSystems is always looking for exceptional people to join the team. To learn more about our products and open positions, visit:http://www.onthegosystems.com/ ",https://weworkremotely.com/company/onthegosystems
29,Sticker Mule,Jobs Posted: 64, Sticker Mule is the Internet’s best printing company.We support thousands of customers by hiring the best people in the world. Our team works from 17 countries in 4 continents and is united by a desire to do great work while maintaining a stress-free work environment that’s designed to attract like-minded people who enjoy our culture. ,https://weworkremotely.com/company/sticker-mule
30,Bitovi,Jobs Posted: 62," WHO WE ARE Bitovi helps companies create better software and applications. We’re driven by the desire to provide value - to our clients, to the technology community, and to our incredible team. Every day, we design and build a wide variety of high-profile applications. We discuss and design architectures, review code, and research new front-end technologies. We talk to our clients directly, guiding them through the process, identifying potential problems and unknowns, and tackling challenges.  We help one another freely. We keep a Slack channel called ask-help and it’s used constantly. We develop new skills, build better developer tools, and work on new types of projects regularly - and take the time to present at conferences, give trainings, and run meetups. We’re huge devotees of open source, and our community of developers is second to none.   Our fully remote team consists of about 80 team members located around the US, Canada, and other International locations. We welcome diversity and non-traditional paths into the developer profession - we want the right person, not the right collection of tech keywords.   You can learn more about us with this short read: Hello Potential Bitovian.  ",https://weworkremotely.com/company/bitovi
31,Harvest,Jobs Posted: 61," About HarvestHarvest is an independent software company making tools that help businesses run smoothly. We believe that businesses succeed by using their time intentionally. Our products support our customers in helping them track, report, and forecast time. For the past 16 years, our customers have relied on us as a critical part of their day-to-day operations. ",https://weworkremotely.com/company/harvest
32,TutorMe,Jobs Posted: 59," TutorMe is the premier online tutoring solution for millions of college students nationwide. Our mission is to level the academic playing field for students everywhere. We believe that every student should have access to incredible tutors regardless of where they go to school or who their parents are.We do this by connecting students with the best online tutors in under 30 seconds using a matching system powered by AI. Students can receive help in over 300 subjects via our advanced lesson space, featuring video chat, screen-sharing, virtual whiteboards and much more. TutorMe's national network of online tutors gives students the help they need when they need it. ",https://weworkremotely.com/company/tutorme
33,GitHub ,Jobs Posted: 58," Who We Are:GitHub is the developer company. We make it easier for developers to be developers: to work together, to solve challenging problems, and to create the world’s most important technologies. We foster a collaborative community that can come together—as individuals and in teams—to create the future of software and make a difference in the world.Leadership Principles:Customer Obsessed - Trust by Default - Ship to Learn - Own the Outcome - Growth Mindset - Global Product, Global Team - Anything is Possible - Practice KindnessWhy You Should Join:At GitHub, we constantly strive to create an environment that allows our employees (Hubbers) to do the best work of their lives. We've designed one of the coolest workspaces in San Francisco (HQ), where many Hubbers work, snack, and create daily. The rest of our Hubbers work remotely around the globe. Check out an updated list of where we can hire here: https://github.com/about/careers/remoteWe are also committed to keeping Hubbers healthy, motivated, focused and creative. We've designed our top-notch benefits program with these goals in mind. In a nutshell, we've built a place where we truly love working, we think you will too.GitHub is made up of people from a wide variety of backgrounds and lifestyles. We embrace diversity and invite applications from people of all walks of life. We don't discriminate against employees or applicants based on gender identity or expression, sexual orientation, race, religion, age, national origin, citizenship, disability, pregnancy status, veteran status, or any other differences. Also, if you have a disability, please let us know if there's any way we can make the interview process better for you; we're happy to accommodate!Please note that benefits vary by country. If you have any questions, please don't hesitate to ask your Talent Partner. ",https://weworkremotely.com/company/github
34,Paymentology,Jobs Posted: 56," Paymentology is now the most global processor. And, the only processor able to provide a shared or private Cloud instance. Combined with our unrivalled secure, RESTFul APIs, ultra-granular AI-enhanced decision engine, and the richest real-time data, this makes us the ultimate global issuer-processor. ",https://weworkremotely.com/company/paymentology
35,GoDaddy,Jobs Posted: 56," We’re the world’s largest web services platform. Our mission is to make opportunity more inclusive for all and fuel a new generation of entrepreneurial endeavors — commercial, civic, creative. Join our diverse collective of 9k+ employees across 47 global locations. ",https://weworkremotely.com/company/godaddy
36,Knack,Jobs Posted: 54," Knack launched in 2012 with one simple goal: to enable everyone to do amazing things with their data.Knack makes it easy for anyone to build applications and workflows to make their data useful. Our customers use Knack to run their processes, departments, or even their entire companies.We've been growing steadily since as we've built our team, perfected our product, and nailed our product-market fit.So how are we different?We're bootstrapped: we've had to build something our customers actually pay for. This changes how you do things.We're 100% remote: and have been from the beginning. Every decision we've made has been based on optimizing our remote operations.We take culture seriously: We’re not one of those companies that just slaps some cultural adjectives down in a handbook article then calls it a day. We use our cultural values as our north stars and even have an always active culture committee that is dedicated to ensuring that our culture is maintained and evolves as we grow. We're all a little weird: and we like it that way. We're more than just chat avatars; we've all gotten to know each other, have grown together, and love working with each other.We enjoy the journey: we're in this for the long haul. We're not chasing an exit or the next round of funding. We're building something we're proud of and want to keep improving on. ",https://weworkremotely.com/company/knack
37,G2i Inc.,Jobs Posted: 53," Our vision is to be the first company that puts developer health first. We've seen burnout all too often in tech and we are on a mission to push back against it. We are building a community that will also offer services to support the physical/mental health of software developers in addition to projects that are in line with our vision. We don't believe we can see our vision through unless we model it internally, value async communication, and have flexible schedules. We meet all the criteria of the people first job movement.If you want to learn more about where we are headed, we highly recommend you view our 3 year vision, presented by our Founder & CEO, Gabe Greenberg. G2i is an equal opportunity employer. We’re dedicated to building a team where diversity in both ideas and identities is not only welcomed, but encouraged. We do not discriminate on the basis of race, color, religion, sex, sexual orientation, gender identity or expression, age, disability, marital status, citizenship, national origin, genetic information, or any other characteristic protected by law.If you are part of an underrepresented group in tech that is considering applying, but you have any reservations about doing so, please email our Director of Talent Operations, Ben@g2i.co, and let us know how we can be more welcoming to you. ",https://weworkremotely.com/company/g2i-inc
38,Zapier,Jobs Posted: 53," Zapier is on a mission to make automation incredibly easy and accessible to everyone at work. With Zapier, you can integrate apps like Salesforce, Intuit, Google, and Dropbox, to move data between them automatically, so you can focus on your most important work. We’re 100% remote with teammates spanning 36 US states and 30 countries around the world. We are hiring! ",https://weworkremotely.com/company/zapier
39,Filestage,Jobs Posted: 51," We believe that life is more meaningful when you have the opportunity to create your best work. When we’re coming up with great ideas and moving projects forward at pace, we’re filled with positive energy and meaning. We’re empowered to create our best work.But when teams share files for feedback, work descends into admin hell. Comments can come from any number of tools, channels and email chains, and dealing with the feedback can turn the simplest projects into a grueling marathon.So we’re on a mission to create a seamless approval process that helps people deliver their best work. By helping people get their best work approved, we’ll transform the finish line into a moment of joy, excitement and celebration for every file – the way it should be.Filestage is the world’s best-rated online proofing solution. Our software is used by over 500,000 people all over the world, across hundreds of industries. We’re a growing startup in a booming market, so we’ve got an exciting journey ahead of us. ",https://weworkremotely.com/company/filestage
40,Chainlink Labs,Jobs Posted: 51," Smart contracts are on track to revolutionize how all agreements work, through an entirely new system of technologically enforced contract guarantees. Chainlink enables next-generation smart contracts that can be written about any/all events in the real world, the details of our approach can be found in our whitepaper. We are well recognized for providing highly secure and reliable blockchain connectivity to the world's largest enterprises such as Google, Oracle, SWIFT, and many more.This role is location agnostic anywhere in the world. Though we ask that you overlap some working hours with Eastern Standard Time (EST).We are a fully distributed team and have the tools and benefits to support you in your remote work environment.Chainlink Labs is an Equal Opportunity Employer. ",https://weworkremotely.com/company/chainlink-labs
41,ChartMogul,Jobs Posted: 51," All of us at ChartMogul, a.k.a. Moguls, are on the same mission: to help SaaS and subscription companies build successful businesses with real-time, reliable metrics and insights.Moguls are based in 21 different countries, bringing their expertise and diverse experiences to help build the leading subscription analytics platform. With our culture of experimentation, we always aim to do what’s best for our company and customers, rather than following what’s trending in the industry. And we’re constantly learning how to be better!Interested in joining a team of smart, fun, and hardworking Moguls? ",https://weworkremotely.com/company/chartmogul
42,Remote Year,Jobs Posted: 50," Remote Year curates communities of interesting professionals, entrepreneurs, and freelancers from across the globe to spend either 4, 6 or 12 months together working, traveling, and exploring cities around the world. Programs spend one month in each location, connecting with local cultures and business ecosystems, while forming lifelong, personal and professional relationships along the way. Together we will shape the future of work.www.remoteyear.com ",https://weworkremotely.com/company/remote-year
43,AlphaSights,Jobs Posted: 46," AlphaSights is the global leader in knowledge on-demand. We connect investment and business leaders with a dynamic network of industry professionals whose informed perspectives help our clients make superior investment and business decisions. With 1200+ employees and nine offices across the US, Europe, Middle East, and Asia, AlphaSights regularly ranks as one of the fastest-growing companies in the world. Learn more at alphasights.com.Find even more here: https://www.alphasights.com/careers/engineering/   ",https://weworkremotely.com/company/alphasights
44,"Gear Stream, Inc.",Jobs Posted: 46," Gear Stream is a human centered, digital-business design consultancy focused on accelerating how companies transition from operating silos to an authentic, customer obsessed business ecosystems.  Our focus on agility and innovation is holistic, leveraging both Agile and Design Thinking practices calibrated for today’s modern, cross disciplinary team. Our approach also includes the support for the behavioral, skill and mindset transformations required of middle managers so that cross organizational product teams teams can do their most creative and inspired work.Gear Stream’s SurgeMaker™ platform provides the human analytics and operational change tools essential to influencing the new mindsets, habits, and Agile/DevOps engineering skills required when moving to a cloud/digitally native operating platform.  SurgeMaker™ enrolls the entire organizational network including: C-Suite executives, managers, and employees.Gear Stream, Inc. is headquartered in Raleigh, North Carolina and is privately held with regional offices in New York, Dallas, and a practitioner network that spans both North America, Europe, and Asia. ",https://weworkremotely.com/company/gear-stream-inc
45,Axios,Jobs Posted: 45," Axios is a growth-stage startup dedicated to providing trustworthy content in an audience-first format. This year, we celebrated a major milestone, launching a SaaS product for corporate communications called Axios HQ. ",https://weworkremotely.com/company/axios
46,Intellum,Jobs Posted: 45," Intellum is an Atlanta-based SaaS company focused on corporate learning. We are the software engineers, developers and tech industry professionals who are helping our clients become more data savvy, applying machine learning techniques to significantly improve learning personalization, and developing monetization strategies that drive revenue with external audiences. We strive to live up to our company values of Simplicity, Honesty and Innovation every day and have been ranked as one of the Best Places to Work three years in a row by the Atlanta Business Chronicle. Our clients include organizations such as Cricket Wireless, Facebook, Google, Habitat for Humanity, and Randstad. ",https://weworkremotely.com/company/intellum
47,Groove,Jobs Posted: 44, Customer support made simple. ,https://weworkremotely.com/company/groove
48,Tucows,Jobs Posted: 44," We do a lot, but at our core, we're in the business of keeping people connected and keeping the Internet open. We're made up of three companies: Tucows Domains, Ting, and Wavelo.As Tucows Domains, we help people find their place online as the world's largest domain name wholesaler and the second-largest domain registrar globally.As Ting Internet, we deliver high-speed fiber internet service to communities across the United States. We are modernizing city infrastructures and helping families and businesses alike access the power of the Internet.As Wavelo, We deliver simple software to #MakeTelecomABreeze. We build telecom billing and operations software for Mobile Virtual Network Operators and Fiber Internet Services.#JoinTheHerd at https://www.tucows.com/careers/Investor info (NASDAQ: TCX, TSX: TC): https://www.tucows.com/investors/[It's pronounced two-cows, btw.] ",https://weworkremotely.com/company/tucows
49,Awesome Motive,Jobs Posted: 44," We are the people behind WPBeginner, OptinMonster, MonsterInsights, WPForms, SeedProd, and more. Over 20 million websites are using our software. We believe in creating awesome user experiences. We are humbly considered thought leaders by many in our space because of our rapid growth and innovations. Whatever the market conditions or current trends, you will always find Awesome Motive leading the way to help our customers gain competitive business advantage and stay ahead of the curve. ",https://weworkremotely.com/company/awesome-motive
50,CafeMedia,Jobs Posted: 44," CafeMedia connects authentic publishers, engaged audiences and leading brands to make the internet a better place. We are a leading digital media company that supports over 2,000 high-quality content creators. The company’s content collective, AdThrive, is the first and preeminent ad monetization platform for premium mid-sized digital publishers with superior ad optimization support, the latest ad fulfillment technology, and a customer-first approach. AdThrive empowers its creators to make a living doing what they love – producing great content – while managing the advertising for them. The collective force of content creators reaches over 120 million monthly unique visitors and 417 million social followers. CafeMedia provides premium programmatic media solutions that connect brands to deeply engaged audiences in food, family, home, and more. Brand partners get access to a highly curated pool of inventory with a focus on high viewability, brand-safe units and the right context or audience to drive exceptional performance. ",https://weworkremotely.com/company/cafemedia
51,Inside.com,Jobs Posted: 43," Inside.com's mission is to make people smarter. We publish newsletters focusing on business, tech, and venture capital news. We host events and we are building a community to help our readers gain knowledge and build their network. ",https://weworkremotely.com/company/inside-com
52,Customer.io,Jobs Posted: 42," Our mission at Customer.io is to power automated communication that people like to receive. Today over 4,000+ internet businesses use Customer.io to manage, send, and track performance of email, SMS, and push notifications. Unlike typical marketing platforms, Customer.io helps businesses increase relevance by using behavioral data: what people do or don’t do when logged in to a web or mobile app. ",https://weworkremotely.com/company/customer-io
53,"DockYard, Inc.",Jobs Posted: 42," DockYard is a digital product consultancy specializing in production-ready apps. DockYard offers a range of consulting services with capabilities in product planning, design, user experience (UX), full-stack engineering, and QA. Over the last decade, the company has solved complex product challenges for visionary brands like Netflix, Apple, Nasdaq, and Harvard. We’re honored to have been included on guides ranging from Inc 5000 (2020, 2019) to Fast Company’s Best Places to Work for Innovators (2020) amongst others. ",https://weworkremotely.com/company/dockyard-inc
54,SimpleTexting,Jobs Posted: 41," SimpleTexting is the leading web-based platform for SMS marketing and business texting. Our software gives organizations the ability to send marketing campaigns, share important alerts, and provide 1-on-1 customer service using text messages. Thousands of organizations in North America rely on SimpleTexting to connect with their audiences. Our clients include Fortune 500 companies, small businesses, nonprofits, healthcare providers, churches, schools, and more. And with a powerful suite of features that includes segments, autoresponders, data collection and analytics, our platform is designed to help businesses start and scale their engagement through SMS.  ",https://weworkremotely.com/company/simpletexting
55,Float,Jobs Posted: 41," Float is the world’s leading resource planner, helping teams at brands such as Airbnb, Buzzfeed and Ogilvy better plan and manage their time. Founded in 2011, Float is proudly self-funded, profitable and 100% remote. Our growing team of twenty-four are made up of engineers, product designers, marketing and customer success folks in more than eight countries. ",https://weworkremotely.com/company/float
56,Smile.io,Jobs Posted: 41," ​What's it like to work at Smile.io?We are a team of smart self-starters who build efficient and unique solutions to problems. You’ll be working with some amazing talent and you'll constantly be pushed to challenge yourself and improve your skills. This starts in the interview process, where you’ll be asked to show us your skills in real-time. It’s not an easy process, but we think you’ll find it rewarding and a great preview to what working here is really like. We are also very detail oriented, so make sure you include a comment on that in your application.As a team, we’re driven by these core values:Be Humble - think of the team before thinking of yourself. We have no room for massive egos.Be Hungry - set hard goals, ask lots of questions and learn every day.Be Human - show empathy towards others, consider the impact of your decisions on other teams.We know that Smile.io as a business is in constant evolution - the same is true of our people. We’re here to support each other in our growth, so we talk openly about our career goals, hopes & dreams. With such a diverse team of people, we know we can offer you the mentorship, tools and encouragement you need to grow. ",https://weworkremotely.com/company/smile-io
57,komoot,Jobs Posted: 41," About komootKomoot is an app that lets you find, plan, and share adventures. Driven by a desire to explore, and powered by the outdoor community’s recommendations, it’s Komoot’s mission to inspire great adventures making them accessible to all. And we’re good at what we do: Google and Apple have listed us as one of their Apps of the Year numerous times!Today, with over 25 million users and 200,000 five-star reviews, Komoot is well on its way to becoming the most popular cycling and hiking app for people who love adventures worldwide.Join our fully remote team and change the way people explore! ",https://weworkremotely.com/company/komoot
58,SafetyWing,Jobs Posted: 41, Our mission is to remove the role of geographical borders as a barrier to equal opportunities and freedom for everyone. ,https://weworkremotely.com/company/safetywing
59,Catch Co,Jobs Posted: 40," What is Catch Co?At Catch Co, our purpose is to rescue people from the indoors by connecting them with America’s top outdoor sport: fishing. More than 50 million Americans fish every year and Catch Co is the industry leader in creating products, content, and experiences that modern anglers love. Most importantly, we aim to have the most loyal customers in the outdoors industry. We are building 3 unique businesses to deliver on that mission:Mystery Tackle Box - Founded in 2012, MTB is the most popular fishing subscription service in the world, with over 5 million boxes shipped (and counting!).Karl’s Bait and Tackle - Launched in 2018, Karl’s is a unique and exciting ecommerce experience that brings the local tackle shop to the Internet.Catch Co. fishing products - Catch Co also designs and develops some of fishing’s most popular and innovative brands and products, sold online and in retail throughout the world.To support these businesses, we have built a best-in-class foundation of creativity, technology, data, and a fun and supportive culture. We have also built durable partnerships with some of the industry’s most impactful content creators, influencers, product designers, and more.As we execute against our mission, our team members remain curious, action-oriented, and collaborative. If that sounds like you, we would love to meet you.Everybody can fish with us! These are our core values:Passion: We love what we do and we take pride in our work.Action: We work hard to get stuff done, with urgency.Optimism: We believe that we will succeed, and we are willing to keep trying new things.Honesty: We tell it like it is, communicate issues, take accountability and use data to make decisions. We are transparent with customers, partners and employees.Curiosity: We look for ways to make things better. We focus on solutions, not problems.#happydance: We create happiness for our customers and for each other.Our culture is fast-moving, hardworking, welcoming and friendly, and we keep our calendar full of opportunities to learn from coworkers and foster community. We love a good team event (like trivia or Quiplash), continued learning (fireside chats led by colleagues), and niche Slack channels like #mlb, #bachelor, #unpopular_opinions, #badjokes and #smallwins. Our Benefits:""Take what you need"" paid time off policy11 Paid Holidays + 4 additional paid days off specifically to enjoy the outdoorsFlexible working schedule & work from home opportunities (and a fully remote team throughout covid-19)Medical, dental and vision Insurance - We cover 80-100% of the premium for yourself and your dependents Paid parental leaveEmployee Assistance Program (EAP)Health Savings Accounts or Flexible Spending AccountsEmployer-sponsored disability insuranceEmployer-sponsored life insuranceEmployee discount program401(K) planPet insurancePre-tax commuter benefitsA free Karl's Club membership and $100 in shopkarls.com creditUnlimited coffee and fruit snacks (once we return to the office)And more! ",https://weworkremotely.com/company/catch-co
60,Creative Force,Jobs Posted: 40," Creative Force is the industry-leading cloud software for organisers of awards, grants, scholarships and pitch competitions to manage submission, evaluation and award of results, online.We provide the platform to accept and manage awards entries/applications, allocate them to judges/evaluators who then do their judging online, all the while providing organisers clear visibility on how their program is going.Since launching in Australia late 2013, we’ve had an outstanding market response and we’re now supporting a growing list of clients across Asia Pacific, Europe, North & South America and the Middle East.Creative Force builds beautifully designed, high quality software and we make sure all our clients have a fantastic experience!Our growing team is distributed across 30 cities in 18 countries, mostly working from home offices.  We use a range of internet-based tools for communication and collaboration that help our teams work closely over global distance and time zones. We’re an energetic group of intelligent, creative, international people, driven by high standards and are passionate about creating and delivering an exceptional product and service. ",https://weworkremotely.com/company/creative-force
61,Leadfeeder,Jobs Posted: 40," Leadfeeder is a fast-growing international SaaS scale-up headquartered in Finland. We are on a mission to bring web intelligence to our customers. Simply put, Leadfeeder helps companies know more about their website traffic, which enables them to convert promising visitors into sales and marketing leads.We are a remote-first company, which means you can work wherever you prefer as long as you are physically located in Europe. To support our distributed setup, we have a culture of transparency, ownership, and collaboration.We love our casual dress code, company retreats, and the opportunity to work with a truly diverse 120+ strong team based in 25 countries. We believe in listening to everyone's ideas and feedback. ",https://weworkremotely.com/company/leadfeeder
62,iPresence,Jobs Posted: 40," Here at iPresence our growth is dependent on hiring amazing people! Wherever in the world they work, everyone is rewarded for their contribution. Are you ready to develop your career in an exciting hyper growth company?iPresence was founded in Vancouver, BC to provide clients with a reliable partner to their online marketing and web development needs. We provide a wide variety of web services and predominantly specialise in high traffic websites. Just one of our websites receives 120 million views each month, making it one of Alexa’s Top 90 destinations in Canada.Our vast in-house experience and expertise enables us to provide our clients with access to valuable resources to tap into their target audiences. We oversee millions of impressions per month through our network of websites building on our customized long term approach to customer success.We also actively develop highly successful and profitable ventures of our own. We work on a variety of tech-based products which have evolved with market trends; adult-niche has always been at the heart of internet-usage and part of our rapid growth. ",https://weworkremotely.com/company/ipresence
63,Payoneer Germany GmbH,Jobs Posted: 40," Payoneer Germany is Payoneer's Munich-based Payment Orchestration Provider (POP) offering an open and provider-independent payment platform to help businesses integrate multiple payment gateways, providers, and methods on a global scale. Our platform guarantees online businesses more freedom of choice and a reduced complexity in their payment transactions. We provide intelligent payment solutions and tools to enable cross provider controlling and scoring, and to help customers reduce their operating costs.With over 100 employees from 29 countries, our Munich office is truly international in every sense of the word. With an experienced team of motivated online payment professionals, we bundle a unique and profound know-how with respect to online payments and e-commerce. ",https://weworkremotely.com/company/payoneer-germany-gmbh
64,Arc,Jobs Posted: 40," Arc is a remote career platform that makes it easier for developers to find remote jobs to build amazing careers from anywhere. With 750,000+ developers in our network, Arc also connects companies hiring remotely with verified developers for contract and permanent roles. A related service under Arc is Codementor,  the leading on-demand marketplace for software developers to get live online programming help. ",https://weworkremotely.com/company/arc
65,Yoko Co,Jobs Posted: 40," We’re a digital agency that works exclusively with clients who are trying to make the world a better place. Our team is made up of people all around the world who are passionate about the work they do, the clients they serve, and, importantly, their craft. We also care about each other — we don’t think of one another as coworkers or employees, but as fellow humans. From developers to designers, project managers to strategists, we bring out the best in each other.We’ve been in business for over a decade, our whole team is remote, we were named a 2020 and 2021 Best Place to Work by the Inc. 5000 and the Washington Business Journal, and you can poke around our website if you want to know more.  ",https://weworkremotely.com/company/yoko-co
66,Hireology,Jobs Posted: 40," Everything You Need to Build Your Best TeamOur all-in-one software will transform your recruiting, hiring and onboarding into a simple process your team — and candidates — will love.Build brand awareness and market open roles across multiple channels — including Google, Facebook, job boards and your career site — to connect with top applicants.Streamline your hiring process, text & email candidates and hire the best with tools that provide a great experience for hiring managers and candidates.Simplify employee onboarding and accelerate productivity with automated processes and integrations to your existing HR systems and scheduling platforms.  ",https://weworkremotely.com/company/hireology
67,Fingerprint,Jobs Posted: 39," Fingerprint empowers developers to stop online fraud at the source.We work on turning radical new ideas in the fraud detection space into reality. Our products are developer-focused and our clients range from solo developers to publicly traded companies. Some of our customers include: Coinbase, Booking.com, Yahoo, and eBay just to name a few.We are a globally dispersed, 100% remote company with a strong open-source focus. Our flagship open source project is Fingerprint (16K stars on GitHub).We have raised $44M and are backed by Craft Ventures (previously invested in Tesla,  Facebook,  Airbnb), Nexus VP (previously invested in Postman,  Hasura) and Uncorrelated Ventures (previously invested in Redis, Rollbar & Gradle). ",https://weworkremotely.com/company/fingerprint
68,Ebury,Jobs Posted: 39," Ebury is a Global FinTech: we apply new technologies to enhance and automate financial services and processes. This allows small and medium-sized businesses to trade and transact internationally by eliminating boundaries related to more traditional procedures.  Founded in 2009, we are now positioned among the fastest-growing companies in the sector! Headquartered in London, we have more than 1000 staff covering over 50  nationalities (and counting!) working across more than 27 offices worldwide and serving more than 45,000 clients every day.  Hard work pays off: Ebury has won over 20 internationally recognised awards such as the Growing Business of the Year 2019: Larger Company (Turnover £50m+) and Financial Times: 1000 Europe's Fastest-Growing Companies (which we have been awarded twice: 2017 and 2019!). In April 2020, our company received a £350 million investment from Banco Santander, which has allowed us to significantly improve our value proposition. None of this would have been possible without what we’re most proud of: our great community. Enthusiastic, disruptive and collaborative teams, always ready to innovate and revolutionize the fast-paced Fintech dimension. The Tech Team: 100% remote and global At Ebury, we understand the key role that technology plays in supporting the growth and efficiency of financial services. This is why we invest so heavily in the latest tools, languages, and platforms, as well as promoting iterative development methods that allow us to work in a rapid evolution environment, creating continuous value.We are passionate about the open-source community, where we derive close to 100% of our technology. We give back to the community by promoting and detailing our innovations and processes, making them available to all.In the summer of 2020, our increasingly international technology team became remote-first, which means that working remotely is the default option for all the employees. In our remote onboarding process, Technology new employees have a ‘buddy’ in the team to accompany them throughout their first weeks. If there’s something that you can do in our Tech team, it is growing professionally. We treat all employees equally regardless of their location. Thanks to our career path and our collaborative and cross-working teams, every day is a new adventure. We are constantly improving our career development framework to allow people to plan their development and have meaningful conversations with their leads. ",https://weworkremotely.com/company/ebury
69,Stack Builders,Jobs Posted: 39," Stack Builders is a software consultancy working with international clients. We value intellectual curiosity, strong communication skills, and great programming abilities. You’ll be joining an excellence-driven and collaborative team where everyone plays an essential role and takes ownership of their work while creating software that changes people’s lives! ",https://weworkremotely.com/company/stack-builders
70,Podia,Jobs Posted: 38," Sell online courses, community, webinars, and digital downloads to your audience. Podia is the easiest way for digital creators to earn a living from their passion. Create a beautiful storefront in minutes and start selling digital products. No technical knowledge needed, and no third-party plugins required. Handle everything from content creation to sending newsletters to your audience to securely processing payments, all on one simple platform. ",https://weworkremotely.com/company/podia
71,XM,Jobs Posted: 38," XM is a large and well-established global industry leader.  Our extensive financial experience, state of the art trading environment and dedicated customer support makes XM the broker of choice for online investors.With its headquarters in Cyprus and offices in the US, UK, Australia, Greece and UAE, XM currently employs more than 650 professionals.  Work Somewhere Awesome!Our corporate values BIG - FAIR - HUMAN define the way we work. We are committed to identifying potential, nurturing talent and rewarding high performance.If you are a highly motivated and passionate professional and wish to be part of our team explore our current job openings and apply.https://www.xm.com/careers ",https://weworkremotely.com/company/xm
72,BBE Marketing Inc,Jobs Posted: 38,  We provide products and services to connect businesses with celebrities and influencers.  ,https://weworkremotely.com/company/bbe-marketing-inc
73,Chameleon,Jobs Posted: 37," Chameleon enables companies to build interactive in-product experiences without writing code. This includes models, walkthroughs, tooltips, banners, microsurveys, checklists, help widgets etc. These improve user onboarding, feature discovery, self-serve learning, in-app engagement, product usage etc. Customers, such as Moz, Mixpanel, Gusto, Flexport and Airship, have improved conversion by >30% and saved weeks of engineering time. Product people can easily and quickly build these experiences using our point-and-click Builder.  Experiences can be targeted to specific users based on their properties or activity, and all the analytics are automatically collected. Learn more at https://www.chameleon.io ",https://weworkremotely.com/company/chameleon
74,Mode Mobile,Jobs Posted: 37," What is Mode Mobile?Our mission is to enable budget-conscious consumers to earn additional income from their everyday habits. We accomplish this with an Android app and smartphone that pay users to listen to music, charge their phone, play games, complete surveys; and connect them with exclusive deals to save and earn even more.  Mode Mobile is a fully remote, U.S.-based company that builds mobile technology products for budget-conscious consumers. Our products let people around the world earn supplemental income while using their mobile phones for daily habits like music, games, news, shopping, browsing, charging, and even unlocking their devices.We continue to expand our product offering to more than 3 million monthly active users and pace towards revenue growth of more than 400% in 2021. Additionally, we expect to have paid out $6+ million to earners this year and look forward to strong continued growth ahead.Our flagship products, Mode Earn App, and Mode Earn Phone, are hugely popular with millions of users around the world. It is our goal to provide a free Mode Earn Phone to every income-conscious consumer on the planet, enabling them to earn up to $900 each year while passively using their device. Our common purpose is to provide an opportunity to be financially self-sustaining to consumers globally.In 2018, Mode Mobile became the first company to raise over $36M through an SEC-registered security token offering, to implement our royalty-paying token $CRNC across company product lines.Why Mode Mobile? You have an opportunity to join a team of high-caliber ambitious people who are out to challenge the status quo of content consumption. We’re a well-funded revenue-generating company, and have a runway for years to come.We are rapidly growing and as we embark on the next phase of our incredible expansion, we are looking for exceptional talent to help fuel the growth.We’re committed to bringing diverse industry experiences and perspectives together. The team is made up of alumni from Y-Combinator, Ivy League Universities, College Dropouts, Fortune 500, and everything in between.We have superior financiers and advisors including Mark Cuban and several top-tier institutional investors.We care about building a disruptive product that empowers our users. We think big! We All Share The Same Core ValuesLead with Purpose - Leadership does not necessarily mean management. Everyone is a leader, no matter the role. Taking pride in your responsibilities, finding & executing solutions is key.Focus on the ‘Why’- The best solutions start with everyone understanding the problem and its impact. We’ve found that if someone understands the ‘why’, they will produce an innovative ‘what’ and ‘how’. If we cannot explain the ‘why’ clearly, we don’t understand the problem ourselves.Bring a Sense of Humor - Our work environment is a lighthearted & positive place where employees are united by humor and camaraderie; we believe laughter is a great way to uplift employee morale and form bonds with each other.Set New Precedents - We drive innovation and push boundaries for all company activities while understanding that anything worth doing will have roadblocks. We set a new standard of worth for people’s time, data, and attention while rewarding what most other companies take.Collaboration - We won’t thrive without recognizing others’ strengths. Listen and evolve together, helping and supporting each other for the sake of a collective goal. We Believe In The Following Workplace NormsHonor Commitments, Your Word Matters - Specific, Measurable, Attainable, Relevant & Timely (S.M.A.R.T) Asks & Answers.Allow OKRs To Guide Us - Individual & Departmental OKRs will largely impact success at Current Mobile.Agree to Disagree & Commit -Voice concerns in a respectful & appropriate manner directly to your manager or the Senior Leadership Team.Assume Positive Intent - Always start from the idea that a person meant well or was doing their best, no matter what they say or do.Accomplish More with Less - Explore options to maximize value. Learn and be curious.Hold Yourself and Others to High Standards - Embrace high attention to detail & maintain an appropriate sense of urgency. Speak Up - Everyone’s opinion matters. Be inquisitive & don’t think in silos.What We Are OfferingWe are a remote-first company so this position is 100% remote from anywhere and will need to overlap with U.S. CST hoursA competitive compensation package.Participation in the Company's equity and token plan.We payout individual bonuses every two months in accordance with our bimester Objectives & Key Results (OKRs).Work with energetic, passionate, and high-caliber people.Celebrate team members' personal milestones.Remote social activities including virtual coffee buddies. Bonus.ly - we usebonus.ly as a way to recognize and reward team members for their hard work and commitment.If we just described you and your perfect role, we'd love to talk with you.  We have a lot to accomplish in the new year and look forward to making headway and creating successes together! ",https://weworkremotely.com/company/mode-mobile
75,Platform.sh,Jobs Posted: 37," Platform.sh is a remote-first global workforce building a better cloud platform to create, manage and responsibly scale web applications.A collective with diverse backgrounds, we work together to test, innovate, and challenge one another, finding new ways to reimagine digital experiences. We’re here to help our customers thrive. Bring your experience to our team, and help us build a better way.  ",https://weworkremotely.com/company/platform-sh
76,Packlane,Jobs Posted: 37," They say good things come in small packages. At Packlane, we believe great things come in custom packages, whether they’re small cartons, large printed shipping boxes, or anything in between. With a variety of shapes, colors, materials, and sizes, we give you the tools to create something exciting on the outside, thus exciting your customers about what’s on the inside.As the only company that provides a custom design lab, live preview, and instant quote, we not only give you the freedom to unpack your creativity and develop your own design, but we also help you do it efficiently. And if you’re having trouble, we’re here to assist with anything from design to technical support. ",https://weworkremotely.com/company/packlane
77,MoveOn,Jobs Posted: 36," MoveOn is the largest independent, progressive, digitally-connected organizing group in the United States. Launched in 1998, MoveOn pioneered online organizing and advocacy techniques that have become standard in politics, nonprofits, and industry in the U.S. and worldwide. We combine rapid-response political campaigning with deep strategic analysis, rigorous data science and testing, and a culture of grassroots member listening and participation that allows us to consistently and quickly identify opportunities for progressive change–and mobilize millions of members to seize them. MoveOn members step up as leaders by using the MoveOn Petitions DIY organizing platform to create their own petitions and campaigns to drive social change. ",https://weworkremotely.com/company/moveon
78,Nagarro Digital Ventures,Jobs Posted: 36," In a changing and evolving world, challenges are ever more unique and complex. Nagarro (Frankfurt: NA9) helps to transform, adapt, and build new ways into the future through a forward-thinking, agile and caring mindset. We excel at digital product engineering and deliver on our promise of thinking breakthroughs. Today, we are 15,000+ experts across 28 countries, forming a Nation of Nagarrians, ready to help our customers succeed. ",https://weworkremotely.com/company/nagarro-digital-ventures
79,Sierra Interactive,Jobs Posted: 36," Established in 2006, Sierra Interactive is a rapidly growing provider of real estate websites and property search tools to real estate brokers and agents throughout the U.S. and Canada. We are based in the U.S. but we are a distributed company with team members around the globe. ",https://weworkremotely.com/company/sierra-interactive
80,Cofense,Jobs Posted: 36," Cofense is the leading provider of protection, detection & response email security solutions  ",https://weworkremotely.com/company/cofense
81,Upright Labs,Jobs Posted: 35," Upright Labs builds multichannel ecommerce software for secondhand retailers. We make it really easy for our clients to manage inventory and sell online, everywhere. Our software processes thousands of items each day and has helped retailers sell millions in inventory each week. ",https://weworkremotely.com/company/upright-labs
82,TeamSnap,Jobs Posted: 35," Founded in 2009, TeamSnap is an award-winning mobile and web service for managing recreational and competitive sports teams and groups with over 23 million enthusiastic customers.We are a remote-first company that empowers our people to bring big ideas and tiny egos which lands us on Outside Magazine’s list of “Best Places to Work” on the regular. ",https://weworkremotely.com/company/teamsnap
83,Tawkify,Jobs Posted: 35," Tawkify brings the personalization of matchmaking to the masses with a human touch. Want to empower people to cultivate meaningful relationships?Our matchmakers learn who our customers are, sets up curated dates, and coaches them. We’re looking for people that share our passion for creating and fostering relationships and self growth.Founded by Stanford alumni in 2012, we’ve built a successful platform that generates 8 figures of revenue/year with little capital raised. We recently expanded our leadership team to include the VP of Finance at Thiel Capital and founders whose companies were acquired by Match.com and VMware.In the past year, we’ve doubled our team. Our diverse community includes a leadership team that’s 50/50 men & women, and our backgrounds include life coaches to writers to engineers.If you want to make a big impact and help scale a successful product into an iconic $1B global business, join us! ",https://weworkremotely.com/company/tawkify
84,SureSwift Capital,Jobs Posted: 35, We acquire SaaS businesses from independent founders and take them to the next stage of growth. ,https://weworkremotely.com/company/sureswift-capital
85,MailerLite,Jobs Posted: 35, MailerLite is a leading marketing automation platform where anyone can create professional marketing campaigns on their own. ,https://weworkremotely.com/company/mailerlite
86,Litmus,Jobs Posted: 35," We’re a tight-knit team that helps the world empower our customers to curate best-of-class email communication. Over the last 10+ years, we’ve built a reputation as one of the most trusted brands and thought-leaders in the industry—and it shines through to our customers.  Quality communication is imperative; we value this in both our personal and work lives here at Litmus. Our email creation, testing, and analytics platform empowers marketers, designers, and agencies to confidently deliver quality, brand-aligned communications that delight our customers.We work alongside some of the smartest people in our industry. We’re the change-agent for the most creative and supportive customers around. Litmus is championed by major global brands, including 9 of the Top 10 technology companies, 9 of the Top 10 U.S. banks, 10 of the Top 10 retailers, 9 of the Top 10 e-commerce brands, and 80% of the Fortune 100: How do we do this? We seek talent that is not a “culture fit,” rather a culture add.  ",https://weworkremotely.com/company/litmus
87,Basecamp,Jobs Posted: 34," Basecamp makes Basecamp, HEY, Ruby on Rails, and we write books. We're a remote, global company with teammates throughout the world. ",https://weworkremotely.com/company/basecamp
88,PRI,Jobs Posted: 34," We build and grow engaging digital experiences driven by meticulous strategy and design.PRI is a web and mobile development agency that builds apps for mission-driven brands. By focusing on user-centered design, we create powerful digital experiences that set organizations like MUTTS Comics, March of Dimes, and the Wilshire Associates apart.As a full-service consulting partner, our work goes far beyond digital development and design. We dig in with each client to understand their specific pain points and goals, allowing us to develop custom strategies that span the entire lifecycle of the engagement. In addition to web and mobile development, our team provides services such as architecture analysis, public relations support services, SEO strategy, client trainings, and much more. We successfully turn one-off engagements into long standing customer relationships by incorporating our principles of adaptability, dependability, and ongoing communication into every project. Gone are the days of submitting a ticket and waiting a week for a response. Our project managers develop tight-knit and custom communication strategies for each client, meaning no one is ever left out of the development loop.How can a dedicated team of digital experts transform your brand experience? Contact us to find out today. ",https://weworkremotely.com/company/pri
89,Recharge,Jobs Posted: 34," cIn early 2013, we first started off as three people in an apartment developing Shopify stores under the name of Bootstrap Heroes. Through working with the Shopify community, we discovered we could empower store owners by solving their technical challenges. From those early days, we realized our mission was to empower store owners by focusing on the most impactful problems they face.In 2014, we built ReCharge to make payments easy for everyone. By constantly finding solutions for customers to reorder products, we are now able to help over 10,000 business dramatically grow and thrive.Our goal is to help grow the world economy and create prosperity for all. ",https://weworkremotely.com/company/recharge
90,Whitespectre,Jobs Posted: 34," We are a group of talented individuals with diverse backgrounds, united in our curiosity and drive to deliver great products. We aim to create an environment where everyone is both challenged and supported by their colleagues. Enjoying our work is crucial to both our success and quality of life. ",https://weworkremotely.com/company/whitespectre
91,ConvertKit,Jobs Posted: 34, ConvertKit is the go-to marketing hub for creators that helps you grow and monetize your audience with ease. ,https://weworkremotely.com/company/convertkit
92,Skedda,Jobs Posted: 33," Skedda is a cloud-based, business-to-business SaaS platform for managing bookings for 'spaces' at venues. It is used by a wide spectrum of organisations to enable self-service bookings for their rooms, desks, studios, halls, courts or any other kind of 'space'.It’s truly an international product, with active customers in over 2500 cities globally.We are 100% bootstrapped, profitable, and growing. We (the founders) build and run the product, and we’re dedicated to improving it on a daily basis. ",https://weworkremotely.com/company/skedda
93,InVision ,Jobs Posted: 33," Benefits: InVision offers an incredibly unique work environment. The company employs a diverse team all over the world. In the United States we have team members throughout 40+ states including New York, San Francisco, Austin, Portland, and Boston. Each InVision team member is given the freedom and tools to do their best work from wherever they choose. The benefits we offer in the United States include competitive health plans and a 401k plan. Some InVision-wide benefits offered to all employees across the globe include a flexible vacation policy, monthly coffee shop stipends, annual allowances for books related to your profession, and home office setup & wellness reimbursements. InVision is an international employer so some benefit offerings will vary from country to country.  Please ask our recruiting team about the benefits and perks package available in your country. InVision is proud to be an equal opportunity workplace. We are committed to equal employment opportunity regardless of race, color, ancestry, religion, sex, national origin, sexual orientation, age, citizenship, marital status, disability, gender identity or Veteran status. If you have a disability or special need that requires accommodation, please let us know. ",https://weworkremotely.com/company/invision
94,Cro Metrics,Jobs Posted: 33," We make websites easier to use. Through a scientific method of determining which site improvements result in actual performance improvements, we replace the old way of designing sites through gut feel and management opinions with designing sites through data. Tactically speaking, clients come to us for both strategic direction and to supplement their internal teams. ",https://weworkremotely.com/company/cro-metrics
95,XWP,Jobs Posted: 33," At XWP, we engineer performance and publishing technologies that make the Internet better for everyone. Better for visitors by making sites lightning-fast to navigate. For teams by improving workflows. And for businesses by improving retention and conversions.We’re grateful for the people we get to team up with every day and are inspired by their care for others and dedication to giving their best, continually striving to learn and grow.From Canada to Korea, South Africa to Spain, you’ll find exceptional XWPeople serving our clients and building a better web together. ",https://weworkremotely.com/company/xwp
96,Circle,Jobs Posted: 33," The all-in-one community platform for creators & brandsBring together engaging discussions, members, live streams, chat, events, and memberships — all in one place, all under your own brand. ",https://weworkremotely.com/company/circle
97,MeetEdgar,Jobs Posted: 33," We’re a totally self-funded business, which means we grow from actually being profitable. We’re 100% remote, so you can work from the comfort of your home office, local coffee shop, or underground nuclear fallout shelter. We know that a company culture that fosters creativity, success, and happiness takes more than the occasional free beer and a foosball table in the breakroom. (Nothing against foosball.) ",https://weworkremotely.com/company/meetedgar
98,Juni Learning,Jobs Posted: 32," Juni Learning is a technology company committed to preparing kids for life and developing leaders in the world. Our unique one-on-one learning program gives students access to an extensive computer science curriculum taught by credible instructors, using dynamic software that enables students to learn by doing. The company is backed by top leaders in technology including early stage investor Arielle Zuckerberg, Y Combinator Co-founder Jessica Livingston, Y Combinator Partner Adora Cheung and others. Juni was founded by Stanford graduates and Google alumni and now serves thousands of students in 38 US states and 10 countries. The company is headquartered in San Francisco and was recently featured in Forbes, Fortune, and TechCrunch. To learn more, please visit junilearning.com. ",https://weworkremotely.com/company/juni-learning
99,Spreedly,Jobs Posted: 32," We’re a fast-growing, sustainable startup in the heart of Durham, NC.We improve how businesses transact with their partners and customers around the world. That means we help our customers grow faster and serve their customers better. ",https://weworkremotely.com/company/spreedly
